<assembly xmlns="http://maven.apache.org/plugins/maven-assembly-plugin/assembly/1.1.2"
    xmlns:xsi="http://www.w3.org/2001/XMLSchema-instance"
    xsi:schemaLocation="http://maven.apache.org/plugins/maven-assembly-plugin/assembly/1.1.2 http://maven.apache.org/xsd/assembly-1.1.2.xsd">
    <id>prod</id>
    <formats>
        <format>tar</format>
    </formats>
    <fileSets>
        <fileSet>
            <directory>src/main/config</directory>
            <outputDirectory>/config</outputDirectory>
            <lineEnding>unix</lineEnding>
        </fileSet>
        <fileSet>
            <directory>src/main/filtered-config</directory>
            <outputDirectory>/config</outputDirectory>
            <lineEnding>unix</lineEnding>
            <filtered>true</filtered>
        </fileSet>
    </fileSets>
</assembly>
